0,-1,79.84471124381466,53.28484192740149,440
-3,-8,28.275202285981948,52.400374456314296,900
6,6,-63.26262168800185,48.48556143939655,998
8,3,18.05355047974855,-64.81112650069556,896
-3,-8,38.42997477641342,-32.58592847795421,947
1,4,77.03119398787842,-30.253697573879663,714
-3,1,-27.33131202272287,49.257187726189954,889
-9,7,68.55356237408873,-63.00423039167371,607
0,-2,-1.528657400478096,-43.36734599285954,664
1,9,-21.197869172915446,27.21110642939277,143
-2,8,-97.77800696404881,13.044073176810244,382
4,-2,-87.51377569225194,56.69274931964901,163
-10,7,93.2355553615318,-2.1259413549726673,938
-6,5,51.333825162607894,81.37616657654593,849
6,10,61.35336135636763,-18.330237549368817,759
-4,8,-21.55608673884433,-79.8614090665114,546
-1,10,93.56968872099694,-61.05673136080132,382
2,-2,-70.51197390166558,-63.5095153516768,274
10,5,50.92674777056803,-25.352653571578543,725
-9,-8,-89.81556834664796,-22.90501539784296,251
1,7,-10.495238631278411,-39.77494010613103,539
-3,-2,-92.56831392685318,-36.05931557109976,175
1,1,11.053132647671205,-31.270491985973564,883
3,8,-19.62837308579128,-25.170462760834255,614
0,6,-41.764596938493725,27.628685881802966,190
9,-1,85.06238243572767,11.127912425143748,391
10,5,-65.38634115783,7.117711983749643,474
4,-8,4.458613522149733,-64.58942215542976,568
-5,-7,8.47959264834897,-75.19970624992371,922
-8,-6,-84.79081325745288,-0.6058957709583268,918
1,2,68.76695990820457,58.00053809725634,935
6,-6,83.50860056044175,-91.20348901347182,760
5,9,-93.84168576183411,94.51057323595575,543
-5,3,-94.98658737434296,84.76344842013174,200
5,-7,80.06545879622402,68.65078947160126,452
5,-4,95.37775876182485,62.91642302668075,342
-1,-9,37.97557524849847,16.726058634770297,210
1,2,59.281054879595786,-74.73842435583471,976
-4,-5,-84.6527091192756,-82.48026727158093,609
-4,9,79.33443074650077,92.49503165572091,615
8,-3,61.37883800009695,-88.52677757968148,860
4,-9,-83.67034526397529,93.33620591727734,260
7,2,26.121826787863483,58.356139208563405,501
-5,-9,-80.35464213686281,16.305489894523234,717
-10,-3,88.79884130594812,27.02001404586167,242
3,10,43.98993722196278,97.68479699910665,494
3,7,-52.69593260699183,-19.893698728810577,113
5,6,60.18548945021644,-22.059150063533608,178
7,6,42.52325777064334,-93.77357281088359,293
5,9,-91.35536346423454,56.37411765952925,421
0,3,-72.0748523248264,70.35983105433223,629
-1,1,84.76627892799365,68.3803176776457,311
4,-6,56.58801556888662,78.12121997889696,619
9,5,92.68479272844971,28.941240833368767,273
0,-7,92.81133159090251,61.680955289963066,284
-9,0,-83.49530837155478,-15.023598988762359,408
1,4,26.76436207932238,59.163134792899996,621
3,7,22.13928583445673,45.43068904633873,411
8,5,70.77782949490987,49.84120366803677,943
2,9,-36.05988829038578,-28.589313481669294,280
-10,-3,-41.769695097189,91.69554193510143,361
4,0,-38.40058119994334,58.09680944155528,820
-1,-10,-57.34012786851215,-10.78467345387395,527
8,10,57.74923139252371,-5.265147701699789,432
-1,3,42.836001780345526,-1.617103780963319,684
-10,-8,56.80055203793614,-38.188892846736834,422
6,9,24.640502008075174,-43.816994070535166,993
-5,-1,44.325020744778726,66.87336902416362,773
-8,3,-19.334633278653186,-35.86534701233947,298
-8,-5,20.94126242462751,-39.112598104172406,811
0,2,-47.69127761438765,-21.36958877276649,511
8,6,23.332373596491536,84.09056269427072,609
7,3,59.76749289219356,-81.34196396657029,125
-10,8,-49.547134605206075,-40.96526143705126,172
1,9,-39.076090259768236,65.69370113780329,363
-7,-5,-90.41557572472847,72.73728258011704,767
-2,-4,-58.028058458466035,54.82140301328363,400
7,-1,38.84716975480242,-33.64176078204859,921
1,0,76.52734839249621,15.377964083560272,877
0,-1,68.88108120679092,-88.67929937996846,700
1,-10,9.844237842474499,94.91599066333484,722
-4,-8,-16.385274373985908,70.88151438176226,657
2,6,-0.14290517807384617,-45.32676392059951,402
-8,-1,74.89438341228615,50.02620632366609,641
-6,3,23.615996098069886,2.6647794014165385,173
-10,6,21.412997970143152,46.82013817576268,983
10,10,34.428074481215134,-22.336910544371435,386
-10,9,21.322389480069532,90.57059828572912,528
-6,-10,-79.33039454367893,9.029108079849507,871
-1,0,-71.45595483830076,90.27738638236761,308
-10,-5,71.82810144478631,98.0344584236257,758
9,-8,-19.535655634394217,-25.703643141204594,767
-7,-6,97.51728402737348,-85.13424724256123,374
-8,2,69.16774468601696,-58.18257657406862,583
6,-10,-67.21990554777149,36.864916798668446,754
-3,-1,-21.92112553610393,-38.077807779682196,955
-6,-7,98.5886234186197,-83.24193343786189,105
-1,-8,-29.76085865336671,-16.332341015510735,683
-1,6,-82.2102314879767,-24.67772273831055,156
-7,10,33.7574182823748,-24.361168615020333,495
2,1,-15.960988588445076,-14.875142814231609,853
6,6,75.69816701735891,-52.5605040659953,697
-6,4,-63.01264777482829,-96.80549805782806,925
-3,3,77.5609852648987,82.38550220688848,295
8,-9,2.385135639829116,29.439204106311422,464
-7,-4,52.89321386214681,77.89686196645167,715
7,9,95.79139998320832,17.162951140852442,495
6,10,37.80338612632042,50.23213424965846,560
4,6,17.930677323005355,-54.180448304971264,983
-1,-5,22.752776424513343,-49.21056802100192,733
9,9,58.69744711412963,-9.299002451471637,841
5,-10,74.65465264461855,-21.386930008777256,578
-6,10,-34.63005764390394,-1.4480389573441954,991
9,10,-5.0696544155218675,-84.04316039027815,303
-5,-9,25.06240790839884,34.648898824177934,513
1,-4,-63.03672593161873,22.340847195452014,549
-2,1,15.058689610227717,72.3336882830346,261
-5,1,14.031615283738816,60.73430861784382,317
-9,2,-42.52184482851682,-87.01923420206043,215
6,-1,22.743075412335372,90.6708834698432,935
1,-3,-13.859993726634244,86.11725009722875,182
2,-9,46.349520394308854,68.97691614849356,876
0,-3,82.22671913528981,91.87209996338171,375
-6,-1,34.67406105865217,-58.0140396062679,683
4,-1,93.62416882249457,-28.99715073736529,881
-2,-3,-77.51340745420319,-72.63853127409911,640
10,8,-66.21696762120517,91.41094625617671,823
-2,5,-25.404337512262913,-15.588491001394544,290
-6,-6,7.761281517114682,38.50045263525968,304
-2,-9,39.513465674574604,51.43317073532131,441
-9,-3,57.35404963821921,-50.57123590306436,266
0,0,-23.368789119567396,-31.792844407243564,918
-4,9,-98.65475554842496,23.59624072378905,744
-4,-5,37.83548518555787,25.457011964969496,822
1,-9,17.06483870981721,-20.372985874249977,506
8,-4,-10.212805666269446,-83.093768546681,175
10,-8,-11.524444800466853,-13.320043098864872,842
-5,-8,-81.85323444381646,-95.81559470996312,443
8,9,-43.90617515283848,53.0557625083394,112
-7,-6,29.71228851101418,-92.47299683775813,943
4,-5,-82.33660206210946,43.05913956416086,599
0,4,-95.7108578290311,-9.539891913072879,303
-8,-3,-46.611962666806384,11.743154795950488,577
-9,-6,-59.569680722461825,-75.01892919154835,939
3,1,-55.521601340034366,22.476289489463255,972
-4,-8,78.18580450881109,-53.16782781850442,233
-7,-1,70.7829991331742,53.53300659968221,861
3,9,-60.313945070861784,-2.97366770315557,625
-5,10,18.349138549048945,42.65607793733167,704
-10,-9,41.68490691099308,83.45645051216962,854
-6,8,-59.363856825417514,-21.653646150011923,726
-4,-9,-21.441229499857158,52.988698812840454,567
-1,1,-64.98416384218544,-49.278014278570815,429
-8,-5,-68.64077328105651,-27.08819818176724,516
-2,2,-84.58227465749138,-41.17899527236075,485
4,4,-49.566382068302374,-12.604104910111786,619
1,9,-89.20629054056573,99.82648311372586,902
9,-2,-34.07534835371548,-46.32234296302582,394
7,-3,13.317992583607662,44.59972297059613,636
-10,-5,50.181119309164814,-80.79159418642575,502
0,-6,-70.98471201872489,3.232778738876547,420
5,5,-87.90682175677682,29.139673501766424,121
4,4,83.26604101406559,-84.62812492199252,798
-5,-10,94.40016185092901,-93.97715225186884,486
4,4,45.03251501999398,-84.5898821857651,311
-9,2,92.5646414937899,45.875780762462796,393
-7,2,-60.835581086111915,-61.92525302578289,531
8,-9,79.31886956260655,3.097314777929782,899
10,-9,94.6759796671441,46.559116343687066,594
2,-2,-55.107430918479096,-87.3709887979465,269
-10,-9,-64.37107993832151,-10.972873645844643,364
8,-9,18.95723786069614,75.88479155235436,164
-7,10,32.474522158021216,-97.46888555937629,420
5,-1,-53.15636750332828,-24.654549593713185,508
2,-3,47.14846898078986,72.84993651711551,637
-3,-6,1.96986737092017,8.883605555904637,812
-5,2,40.87107985360535,-48.22834162945249,571
4,3,87.00816528529776,82.79169591909141,558
-3,7,99.77253019326812,84.71261506789074,459
-5,-10,3.622790506560264,-44.972816547248826,433
-2,4,-60.681114832891005,-94.19944037879307,787
-1,4,65.39912717426876,-63.07521334920408,530
-8,5,-93.58379197959816,-5.188719648780719,861
5,0,-91.67810060762315,-20.139781677129292,332
7,9,91.16097539940557,25.12609260475746,968
-2,10,82.38629522455639,14.865144670284451,912
9,-2,-32.10110907011345,25.72567361746465,230
-8,-10,-86.20605054022114,79.0082365137524,512
9,5,73.62028699797668,20.528761708077113,387
-10,-10,15.584723584149174,-22.378737562128663,657
5,-2,-24.228886816781554,-5.897842779052212,975
-10,10,-93.33460198722771,-65.53394615993,952
5,-5,-2.1634965553906795,89.3447558357174,953
-2,2,-68.5602362879324,41.56511663015172,268
0,5,-56.08577441766227,77.3576942557722,707
9,-1,-36.696013760304226,28.115007410603567,739
-8,0,-46.452133512205826,50.19134315824104,300
4,-8,80.14675493220889,52.68428068118422,914
-2,-2,89.31745091645712,2.821411623106073,112
6,1,54.985255567683254,-63.857626984948254,136
7,6,-67.07097620243408,-3.3312998650876438,623
9,-6,8.135162290307818,5.876702646795323,307
10,-7,45.46578509202678,27.896822751917384,992
-6,0,50.3599465502318,41.25139894966338,937
4,-7,99.38329300894603,-47.72245610064905,229
-3,-1,-27.402079610631787,73.34640627338885,440
9,-2,-81.03957831202908,92.74836169472539,864
5,3,-63.7300421068864,49.766287385373715,928
8,-2,-43.40468461753348,-71.91215876006285,722
7,5,-80.18957850579548,51.773495230061286,528
1,6,86.37907591344077,-85.12862879194584,643
5,-3,14.711877072996813,43.981906799290556,218
-9,-1,37.112865804153216,24.82651757857562,194
4,-8,-84.5860075126756,11.726937224370303,629
8,3,91.99376560830706,98.46434169934182,588
6,-8,1.3591740077840768,-12.987062373684608,317
0,-4,-44.73214315101093,28.906915924356582,177
-4,-1,-51.24507692629079,-64.67982164539856,348
-9,-5,-56.00983636373134,66.62580607887983,307
-7,4,23.104383140201577,79.47662658833772,841
6,-3,-68.15549662851679,35.34319929675246,414
-9,8,-17.101947411071535,6.281821768531557,173
6,-8,68.31605193047022,40.590823547487076,869
-4,-8,-0.5238971466296221,-50.69111249567253,329
8,5,92.17274043196636,48.486427398877,562
5,-6,0.6638041990111958,-93.20245566429126,512
-2,10,-93.98028959104165,56.788005737153156,236
7,1,2.066948926882887,18.707229770306725,623
2,7,11.48223306712157,-37.85753827060911,185
-8,-10,72.76655356666689,-48.35532401661129,430
-6,-9,67.07881662008865,-46.40315386368277,216
4,5,84.8404515500167,12.934090457708209,353
-3,10,-27.1507231952816,-11.227307661030082,925
6,5,35.137131998684225,44.89739232808489,633
-8,3,-59.73476133979341,-42.93480614117631,879
-1,0,76.99908059842923,40.37328071185604,569
6,-3,4.186269171902836,6.730811390094502,967
-1,6,0.11361261060298489,56.197215310701836,992
7,1,91.58655255825292,-72.65568760994181,606
8,6,93.07369153996035,32.73557437501336,750
0,-9,-37.727834322962536,72.79279155738999,129
-8,-6,-20.04870765045621,53.26126340243536,769
8,-4,-70.8467399594875,-71.81379799881454,709
-2,-5,-70.2165970754697,-70.45182580906682,341
5,-8,88.24294950390757,-72.4064457377927,233
8,-1,98.48152209135631,-95.37905883001254,826
-9,4,61.850168172767155,30.16334301281057,158
0,7,95.31797102067301,58.06790478486195,986
6,5,94.2443851573293,89.6638859529856,666
10,-9,62.955375246517775,75.97707568671902,462
1,10,64.2939100143148,39.066446530706315,619
10,7,-58.26590878819415,71.29579785026834,999
4,-7,34.40043361626053,5.698150889063086,831
-1,8,40.666649213911,43.34420202582709,999
1,-2,8.352837601910352,23.67276228521662,226
-9,6,-28.25661958637285,-2.219529035288616,602
3,-8,-20.937779859808117,-14.780920076961166,521
-2,4,57.94990222062319,33.572549486448054,842
-1,-5,97.1768852435624,-73.36097922917668,632
9,-3,58.31331982416924,-80.6893225558483,321
9,9,40.115407489883665,-13.81535735003554,505
8,5,-42.971581393935445,78.87979055699995,234
-1,-4,47.931347020172865,3.950077157672638,945
4,-2,96.07029034543115,-61.95142548224253,690
4,-9,-91.92340146198583,16.76240087698892,562
0,-5,-89.7284210271546,-55.4783678744669,591
-9,-2,-94.33366314735952,96.92440507717038,296
-5,9,71.64207275211695,-21.96970271402006,268
1,-7,25.99150841945061,-19.957119934849857,270
-8,-1,22.2936596655627,82.54181271000422,716
-2,-8,72.9860914776863,-15.53909879810817,294
-8,9,42.77915922809447,53.600152567020785,852
-5,-6,-51.3197933530726,36.866733662373406,752
-4,-5,60.02827435595165,-42.43293874113343,615
7,1,-56.607949630222045,-12.132521084884587,992
-2,-3,67.83260498691911,-14.35039678669203,702
6,5,-41.73966929069606,47.61222332272882,164
-1,8,-9.056943976918149,-83.76268120511574,969
7,-7,84.2296799177524,69.3494584481349,981
-6,-10,89.25177601660573,-20.000491401346963,183
-9,-2,81.72556532430187,33.76611890937792,822
7,-5,-46.3036425466997,38.695409752340794,870
-2,2,-26.945414283487153,20.138878076687618,288
0,3,36.84788006239597,-53.45222187842171,759
7,6,99.64604743645637,-90.16973975079858,359
-4,2,-57.3718768193668,43.4242940916391,261
-5,1,-13.427652829059042,66.43277464220378,174
-5,4,62.66064082694302,0.6246656795298975,714
-5,-3,15.04418401033756,81.42146524509849,855
-10,0,25.402777483617257,59.694133383729735,929
-9,-10,-33.337578765553545,62.95621663806651,161
-2,9,81.61672211139603,-81.29963631170637,223
0,8,-16.271222760891774,47.18686457923863,933
-6,-6,-52.36314503407673,-64.38948594144787,823
-5,7,27.779015387468803,55.292288140504525,344
-10,2,-71.56860462552783,-87.34295197903754,181
0,9,98.09027945226799,-43.057712579891884,535
-7,10,71.13461621606078,-4.11781044025723,315
-5,0,76.34824978281449,93.72144437257151,476
-4,2,-20.928926263746533,76.43762679574147,682
4,7,-68.10060291712266,-99.52739736104934,355
-2,8,22.251524914672373,-6.586418562880311,227
9,-8,-42.465981457398215,-79.13725930307369,723
3,1,55.54715646284393,83.16175524287482,422
-2,2,54.09312486653721,-96.17622858689745,709
2,-8,-53.63966726067593,-59.60871572432136,676
-8,4,-86.29965323014935,-30.208304683456817,108
-1,4,-74.65680050242294,-62.769517671960614,150
5,6,62.88548130752011,-96.60259451358574,564
7,8,50.771276813550855,5.621602627107961,417
7,2,-12.459151706595947,10.28907803040751,970
-4,6,-58.299118418996045,-7.225827663258457,480
4,-6,40.17834569976131,56.00976865549015,562
-2,-3,3.74282627468115,-98.32582816668993,992
2,-5,46.99236246401165,53.66077589410369,283
2,-7,82.23089224177383,-77.58054177377389,336
-2,10,-56.565751031113166,-18.045767142849627,753
-6,-10,51.312470959182974,20.750396780353483,497
3,10,-71.87900035863113,-29.64728509370447,685
8,2,-21.721172781250345,-7.624467329577783,483
-3,-2,-79.37360422241007,53.305913446576255,425
10,6,83.78720516884499,91.31929774865873,517
-5,6,-10.21118401933549,90.99193182122417,684
-9,5,-97.9521904490882,15.578070729577249,871
9,-10,-20.59726137482572,85.07158494612048,815
1,-1,10.367041742526965,50.47634494822893,221
-7,3,-83.6723617966592,82.61112095526752,483
9,-9,2.760399224738123,32.1012845291518,776
4,-3,23.17142179943494,-40.10713671090451,935
6,-2,37.15994938294671,-14.907445155503595,807
6,3,29.01470244577399,-57.365265523607874,282
10,-1,47.431623687712005,-94.74550580067982,166
4,6,45.31237359629861,5.488155409261125,141
-6,8,64.51622153819758,67.81014765612179,587
5,-9,-50.4354987414616,57.96033433289551,890
-3,-5,-70.38327117159665,-28.510956503096125,383
3,-1,94.52153737141776,-17.82425143880586,628
-5,-7,25.69958296902864,64.93163105243019,696
4,-6,65.58781262211849,39.713203487488556,112
-8,-7,62.09989190887018,-38.00852652247537,552
0,-9,-61.684696822585884,-25.746020221178128,802
3,2,51.30157779445884,53.92385944475777,908
2,6,-97.77071776670714,-75.11526256446493,694
5,10,47.61338297505327,-42.489805286263426,444
-5,-1,73.28044434635203,72.22335201973041,181
5,-1,55.98583599550051,84.30017200002334,276
0,2,-68.61418380487873,-42.483110013814,241
-9,-3,-88.4822397030127,49.41542331363996,644
-8,-4,-2.7160475420232615,34.78196731337769,621
8,7,-19.074590863824966,35.98324919121666,110
-5,-6,-83.05360111055818,-13.784379812490329,102
-7,-4,-41.4484651025814,99.1006455182191,889
-8,3,-95.27970931534793,91.94413972546306,176
-6,3,-35.737603600442355,-50.80302826793683,760
-10,-1,13.75539562651494,92.16127576675905,821
4,6,-95.5218642793109,-2.185641707885992,536
3,-7,-37.822375272668516,8.938264347830895,812
-8,-4,-77.92401591682578,83.82428931951227,449
2,-9,-73.28724303426085,22.98511981093627,699
0,-4,-81.567350505965,-54.76749976120079,865
1,9,79.63452600645704,88.44490591605779,324
8,-1,9.159975240332471,75.45319269967675,242
-9,3,-17.022967446860648,46.3737258679061,655
-9,8,-67.7614807863794,1.2573676728925562,163
-1,-5,5.241585703584178,43.49199644044492,311
3,7,26.123066604571264,5.871822384236623,266
-7,-2,51.695904184897586,-42.330411374172236,893
-3,6,84.22355690893448,71.72872173826929,378
1,-10,58.652907055827455,-36.87870892063951,987
-7,3,-29.356866739776933,94.74485930019165,228
-10,0,99.72647523023497,57.655181661860496,135
6,-4,43.203710520380525,18.098073793675866,414
8,0,-57.92401523823756,87.49271229041304,609
3,-5,93.4244399401139,29.170568227712124,273
-2,3,64.3346520533373,-70.38956716752247,748
-10,-3,-70.92937137086932,8.587334127262892,547
-4,9,82.90946533305782,23.657116051673995,316
10,9,-88.00308555302917,-95.83109589962781,263
1,-2,-11.55066114751439,-66.28129669883532,207
5,9,-89.88381044136736,-69.27047363850807,903
-1,2,28.985289537957044,-50.002453064867616,829
1,7,-29.869109344446912,-58.62837948702568,638
-10,-10,61.80090860528995,-42.2448137884212,289
1,1,88.9538638602672,88.89704465170954,501
9,-4,-91.76542469345408,-11.668078327315186,412
-10,-7,14.67806594570007,29.129896337624615,464
-3,-5,74.42494043946701,29.57395723725992,254
7,-5,66.46504290100128,84.77415142172964,835
1,-9,5.285629871287625,-89.0658622644718,251
10,10,-16.29003279047035,41.85825429054552,824
-8,-5,-11.72510841520318,-51.9251683879451,439
3,8,-13.3238392560705,-18.451677588489773,463
2,1,-53.75787168196078,-97.69571132869999,288
-3,6,-11.108502269507653,23.995198127003476,566
-10,-10,28.896301882848093,82.5623821252168,256
4,-5,76.48557873500545,-95.70152004551969,865
-6,-3,68.12279061293376,3.471944098704327,550
-6,8,43.00978434762911,92.1429615880185,150
5,0,-74.60515724112831,-9.10305179756638,324
-2,-4,-78.43895737132209,-92.42165628757459,783
0,3,18.7099190900977,75.15360336235318,828
1,-7,52.11747941374597,-68.07387636643057,996
-7,-5,66.92920107156226,31.42542522879529,690
6,6,73.02836378845166,13.013643432565331,877
6,1,-35.88825799980077,-35.67324206605545,681
-5,-2,94.46678074658325,-80.45749077143832,915
-7,-1,47.220188050249504,-6.640048685217366,273
0,-5,26.226947013786557,-66.60380560542191,787
-9,-9,-59.02440822635215,44.66615463859392,424
-8,-7,-69.15321112022835,-79.38334762558439,226
-1,-6,26.024629911867976,20.923881613933887,838
5,-9,-0.430523603075315,-16.040070240530895,393
-3,-1,-84.59568956558017,-65.856673441407,198
2,-7,-54.03184056948509,-52.721095870648085,164
-10,-6,44.43935353786023,51.52870475516207,194
-3,3,40.52913298721984,-32.92080901587697,870
-4,2,10.982462261894256,41.97026019266383,331
2,-7,73.35768147882013,-32.9467759783612,586
10,5,-50.301879825367536,-64.15171119633807,401
3,-4,-41.291306211741755,-99.80978718805405,539
-4,3,33.92271718748947,21.021103266229176,388
-10,-8,-58.64055169023994,-41.19072677909901,725
-6,10,70.95096497923547,-1.1327184931011658,487
-9,-8,-10.866350830711184,-56.81845756493582,172
5,-9,-81.70293515984828,-76.65233768285398,212
8,-5,-44.65431994014813,-23.822033917624424,467
-10,6,-26.005648305986554,-5.560242121509006,414
9,8,-5.444055795043084,-88.46589853531333,779
0,9,-96.30022536966997,-31.190569933488987,547
-5,5,-54.576138686624965,45.0866999701621,691
5,9,-10.830748467740278,23.073760447682034,300
4,1,27.733211634255483,36.91821006037813,396
-5,-2,-95.34535489757528,-68.2070509582793,393
0,-6,-23.039055153029352,-62.257322049661546,534
-6,-3,-94.27736289526234,59.899585852442954,388
10,5,32.283297546725294,16.40179874991634,947
-10,-10,-70.13545065703806,7.279233200112657,719
8,-3,-97.23309593174375,39.17295589576298,325
-3,-2,-20.741746475324035,-65.02076279650062,664
7,4,47.702229904781746,-94.97863921472826,348
-3,-7,60.710073765137025,70.03822376327818,750
9,2,62.66721912240675,25.33663059135722,622
-7,8,60.278069084955376,46.911938635875316,628
1,7,-27.798675436988333,82.01135948869981,771
-10,5,84.030589719251,-90.04555271334003,247
-8,1,1.2708074192282908,-67.76948272027757,702
-6,6,59.8505460349015,84.5907701416632,556
-3,6,-64.99631497554523,58.700506513093586,939
4,-7,77.21933780702798,-49.43660278149133,899
7,1,-15.16427395881881,54.5916221734002,794
-7,5,91.87913934647389,-97.43628438251083,652
-7,9,-87.62562698988809,65.84769270561941,314
9,10,55.09064346834717,-12.676491093353022,982
0,8,-37.55673222248681,-87.90933939179351,762
-8,10,-15.18070626253349,-16.73354052016367,907
-4,7,83.38565563425908,87.18263328236114,877
6,9,58.78672616970289,-66.43836731405699,851
-6,5,66.72086170130098,-25.277149225647292,219
-5,1,19.58852185073141,18.036548138937775,109
2,7,5.466999269686738,-99.27770466116385,128
-6,-9,65.46729922312127,-63.30587621482109,488
-8,7,-66.14982324228534,-47.2634440254581,501
-8,-6,79.01799724486705,25.37360758307436,162
9,2,53.470841745675386,89.9623702094178,326
-2,3,60.36582453169572,26.60698498807828,455
-8,4,-99.95518295772519,-37.242279346263565,597
1,10,-78.23937537705427,90.12180851646107,242
-1,4,-17.96702115056486,-2.882776249939397,802
0,7,-68.25116662188744,-50.8373338393389,905
-5,0,-51.920275246124234,86.73587437689824,951
5,-10,9.866047143492509,-32.01952064118446,615
5,-1,31.904731883582997,91.60562219970598,493
-9,-10,55.90283721286491,46.32327601396753,711
7,7,31.28134112879954,-11.556551793980717,479
3,-1,40.91658164599866,-62.55848917507709,522
1,-2,87.4596575541307,57.157641102223494,374
-5,1,86.5475002982451,60.31433356839025,470
-2,-3,-94.51153419997142,-9.18034469428062,301
2,-2,95.93523491771128,-5.113452590178085,520
-6,-8,42.59276828826697,-42.427772660468996,231
-3,4,-27.074011474619894,-70.73802470111198,375
6,-5,35.11977944755904,7.519491742095582,140
-10,8,-94.90587488538998,-83.44690587667296,514
-6,-3,-97.3694243382502,-38.60181171292418,109
-9,-7,84.03832551333247,9.563597700693265,674
8,-5,-59.418136598531234,-60.51877515369392,107
-9,-2,66.80487342327726,-43.85671371624884,475
-8,-2,-18.704593411095985,-45.73088417263747,890
3,-2,-90.81359903309605,-98.27866109634027,678
-1,-7,-5.6729671434510465,79.11094282319445,146
8,3,-2.3250482901557348,89.00516709360312,902
4,-2,96.40408921028813,-2.103203191938107,253
5,-1,10.047638121209502,67.2967726537766,507
-6,7,-31.467420154625387,-46.57742027235929,556
2,2,56.79608775712077,43.82757671483074,532
-3,-10,-8.45839795748897,-90.86824614952215,542
-6,-4,-26.622065199508782,-56.45784481316234,725
6,-10,-98.4030978338778,15.50681526057545,549
-5,1,-80.21559132206292,-16.226157659832992,994
-4,8,-51.94929884156052,4.357044887964648,630
-3,4,5.190953822430487,7.2206132852117975,544
8,-3,-62.21374374114526,-17.643703815321715,794
-7,-5,-31.9362706131149,-46.965603522190506,314
9,-10,-82.95158983746202,15.976231644709088,410
0,6,71.3483542360787,-8.404177154662136,410
-4,-2,-9.022712846474448,-83.81958608879268,280
-1,-7,50.55952273058199,74.56722936788296,169
2,3,-29.12960328432179,70.13959901130502,823
-6,0,-13.306287691687714,-32.87362980748665,343
0,-9,-25.15697064255737,-8.750916872401788,606
-9,-6,44.058726939748055,94.71242642632316,475
-7,1,85.88058628558736,1.1591743152398664,914
3,-6,20.051328546037013,9.066454123313946,769
8,-4,15.897640222613418,-71.18238754238071,979
-10,5,-13.60712178362769,75.09674238430992,891
-4,6,97.96675163380621,67.81622405172112,545
7,-9,90.25843205566815,-45.05672121520177,893
-1,2,-36.99660320164704,-67.68579765552147,666
-10,0,-86.36601401797968,-77.95392679496082,868
8,1,-32.85844076249404,63.31203602888448,299
2,2,22.356306356140834,29.341122527911978,651
-8,-5,-3.509683823235804,-64.3012721856375,847
7,-4,-37.010409264590585,19.075061218526074,535
-10,-4,-62.52280926955369,87.4302193820015,704
3,-5,97.49753961550155,80.00919237032872,548
-7,9,-74.57591501215464,54.61603245012313,423
-4,-1,-5.231860266135669,73.87731754925699,174
-7,-7,48.604548416570026,-65.95261726576898,869
0,1,5.7958826574222115,58.2310265203306,857
-4,-8,47.93372662439387,-63.003399870109234,245
8,1,64.55085064254803,34.45223295508771,458
5,-4,-40.64139892430636,8.708508852885416,390
1,0,-44.37658077900297,-23.17720539275956,865
3,7,69.72549882742749,-39.245667854752874,946
-2,-4,-61.3723295110032,19.156542527681154,179
-5,-8,-24.184841584159784,55.68779363157577,907
5,-6,77.55705379663397,-36.815714019969306,752
7,-2,4.645347847819622,22.78216558971988,985
-8,0,-21.390333192297973,-70.52425075899922,840
9,-9,-91.53825223659513,76.24861831806314,336
-5,1,42.50625241289913,-20.392132967325026,941
-10,7,73.17402180604446,58.293513782732134,713
-8,3,-14.441996546352271,44.64502907173207,494
2,8,-18.32197047743216,-67.95224662839306,807
0,-6,-22.089392655653285,29.290863662932423,688
7,7,85.63906399658205,-91.23253267626092,290
-9,6,76.74919462973824,-64.62831437918823,497
6,7,26.668651614404,-14.689589650239853,894
-6,2,-0.3249563700669569,-96.96758317680076,111
-6,10,2.4986543585845027,-3.0757258647089856,681
4,6,-53.04779979987917,98.75893231193896,624
9,-2,15.965824106327602,-8.497278065616626,663
4,4,-68.60390135355227,18.79660434760882,246
-4,4,-56.50197329827369,-72.15221160413267,505
-4,-5,-53.97428777363782,-51.5654183302096,433
-3,-9,95.14792440406876,-9.918450219679627,376
-3,7,59.9060167161858,50.439006105168716,484
3,1,75.73180135167462,-4.846439889145927,827
5,-2,54.22458202547955,-89.39200223594477,460
-8,-1,-74.53591068377325,-10.601425141834667,231
3,9,-43.39571863301308,-23.951037427407556,586
7,-1,9.721446172679137,30.3684652179181,924
3,-8,8.860621505487316,32.88206063814201,443
3,2,7.2738321898909675,-28.94306674713505,873
7,4,86.33339835789556,19.080754420652852,421
-6,-10,71.74762679756103,-64.57370647606695,735
0,-7,37.8635324623138,61.472409125927385,624
-6,-10,42.498317250207776,2.9211758035919644,164
3,4,-25.398245028109727,-9.252080220810882,602
6,-10,17.207097141364585,39.38835751964987,518
-2,-7,-33.76456849112121,-70.45585748787101,832
4,-2,-30.037356999445336,-26.611910721945662,393
-7,8,-12.155825375094793,-99.60838919951343,216
6,-5,4.082425102977609,25.067733645889703,539
7,2,-49.11322990520661,-73.91553897641819,369
-9,-1,31.115538705310996,30.756319284295614,674
-6,4,-55.01696063726305,10.837480370151482,389
9,0,23.090517457328446,27.300109644972338,267
2,8,-88.97234388921285,16.084166147354992,296
-7,6,-64.94875977984857,-62.46770666685266,721
-7,5,29.483559207994404,61.254988010049516,621
2,-7,95.77230987660178,60.07085817611153,351
2,2,-94.89063651458835,48.834124813121804,831
-6,-8,9.440298142405794,-62.913704135831374,327
-8,-1,-28.383597490447272,16.846334328037216,512
-9,-4,95.02754304407577,8.555717680219615,360
3,2,49.12943536228241,18.69804013717578,319
-3,1,-55.96204570430088,-61.57404840130465,116
2,0,-33.299123184715086,-50.845287868589864,956
-2,9,-18.18222982514348,31.776216720512792,860
-9,-3,-20.687073401700616,20.955428195851226,504
9,-6,-26.84557677988792,-92.5534220006375,662
6,-2,-84.32434198452646,81.38196828880609,372
-3,9,34.78993397723215,-22.93871054948326,601
4,-2,-97.88525805417976,-60.10119292913241,223
9,6,-47.589842157512386,-53.04539789256124,348
6,1,-43.85890684896736,-87.32795308123133,327
-7,-1,65.33520790440332,72.06897627320274,270
-3,-7,91.20700372439833,80.3653938488957,445
2,8,-82.38815009710598,76.7484943319613,426
-9,10,89.60160484762193,6.7892154455817035,792
-9,-9,43.04041514951331,-36.7328506125467,436
2,7,-69.43657036646236,-66.93567958772823,109
-3,-6,-9.654741742959743,-57.46070442336693,170
1,-8,-79.96327363775306,-69.2598588122104,936
-4,-1,69.4649476613096,51.87245035978853,837
-5,1,33.44674305492475,53.05116817513925,582
4,-7,-62.3758130197761,51.23972111473182,146
2,5,-35.93246189860142,-49.1726515950452,437
-7,6,-98.1358069856894,-83.82469723447063,142
10,5,-0.8293735260882471,-83.16790797429015,374
9,5,76.73460971875295,1.989588668338314,986
-8,-9,-75.77443458103022,34.15615692632832,407
-10,4,-91.78688018983527,35.68691181080388,887
10,4,-39.48544153032765,4.71436790232211,142
9,6,46.82353605549474,88.50964521704091,562
0,2,35.00120098414371,15.485471818330794,269
1,7,68.83427969641298,59.0600456617442,855
5,4,98.83703104290535,71.41585887446723,555
-7,-3,54.687592031123756,12.009417256737166,805
-3,-3,93.17218421794357,-70.51666271852693,181
7,-8,-46.43080336580856,0.26561367554502624,313
-1,-6,99.82008258425631,38.095549536029296,598
-10,0,-15.160098614780608,82.5632660554705,409
-4,-6,-10.026046600255896,-84.1365080733869,515
-2,2,80.87202011031096,-93.59167144163685,784
-7,-6,-11.176895134021763,-53.290078553134194,683
10,4,-92.04139418555826,-20.279438512756172,528
-1,-5,32.599179316033855,-20.74666280507975,410
9,-6,31.236671659261958,-53.38424793045829,535
7,-8,69.18475734038819,-45.94119169788284,441
2,6,-63.82096875715568,-11.909802994240295,110
1,3,74.10485833695492,76.08913163075249,930
-10,3,78.01374042712729,-24.98402833599056,690
0,-3,-39.48444009813683,-79.86445268083796,531
6,-1,61.10480941086266,50.63918994508387,696
-9,-2,-6.991751151455404,61.63234002703274,935
7,-3,53.38789925654865,-26.174712402721283,794
-10,0,3.414364800796548,29.51230058788431,462
-2,6,-15.559654419900454,-92.9948911519146,347
-10,2,81.64036817923349,-59.17360942654011,441
5,0,-70.11788063990122,-25.19762529837162,212
3,-7,-1.1531364681280252,-44.53747042328806,704
0,4,74.4400349122559,-82.87197589244475,904
2,-8,-49.047221982093106,-35.249241769440715,212
5,7,79.20603437642313,66.21437276130612,706
2,-3,-16.89359773541115,67.49776560466842,617
5,0,-39.03220366404396,-93.03229078087394,705
-5,-6,-62.63782119282584,-30.513498052639278,259
-1,-6,16.42342799928778,7.458276481658331,476
6,-10,-82.32122041377137,-15.717948945029832,800
0,-9,96.28993306033712,-29.88152294693576,219
-3,6,-65.3956932386573,-80.13139336389705,513
0,-8,-46.49836196982455,-61.32553889207073,716
6,-1,-51.92215795975248,-28.63558813202529,938
-3,-7,-14.24809273989436,-81.58939840401621,718
4,1,6.013624992320388,30.220056950618016,181
-2,0,0.3735335710203458,97.7805828981856,436
8,5,-65.52256584391819,-82.20577902428911,864
-8,4,-49.146996452146375,-70.7462889398193,237
-4,-8,-74.29641932095228,52.168177852108045,449
8,9,-27.3308644779014,78.71756224499498,288
-4,9,71.82942969725497,-72.65404710467278,906
9,8,61.18691504738197,1.6058397486585392,379
1,9,-41.22635640343908,-42.45436605418797,510
-6,-3,55.78039447233499,92.51384926017633,107
-9,8,38.796234008145746,97.31096920269601,738
-9,6,-43.4599361886588,33.352449025796545,710
-7,-1,-98.67615679640697,53.74724165747199,100
-9,0,64.1772197467543,1.3798066193155307,306
4,1,-58.03035855589016,63.16973258579654,979
-7,10,89.64673935642261,4.607304523020588,218
-9,-5,70.83384593366512,-56.68770381384074,337
7,-3,91.63663946201731,14.70339763766519,135
6,-8,31.77669397373245,0.6385854767750487,769
-7,-1,78.60051409309926,79.82496475906578,465
-6,-7,-87.47102253532913,-57.00403531596321,583
-1,-7,-48.94343827373395,-42.298148854700955,548
-4,1,58.47077393056463,-66.41594183188843,235
-10,8,-62.76951268345348,43.56252857063447,310
-8,-7,71.51287839661694,14.144361080561765,673
-2,-2,91.79758843173872,-56.90781488713941,429
-4,-4,-9.802144944798144,37.15794713167898,121
1,-6,-36.04531060554781,97.69215901399099,874
-2,-3,-86.68515577745247,75.61842346223514,649
1,-4,49.296175643478875,-93.95952763011519,871
10,-7,27.38489829409734,95.62068263907372,564
7,-3,85.60678519108117,99.07588966176206,954
0,3,-30.225237226907737,99.66261457940581,449
-9,-2,19.079134998491966,47.129073846224856,631
7,1,86.85439983907852,40.811190825645895,623
1,-8,-85.8398225352509,-86.09702049056116,685
5,10,26.013493996138976,-72.61736910800263,939
-6,-4,-97.54470350034413,66.14714247609061,171
8,-9,-23.5599337232904,13.09985499706741,192
-9,4,-47.76400694092757,-51.65333207165972,919
5,2,-33.38830748180794,90.55842295090278,564
0,-5,-65.94407347010743,-81.85228113753702,887
1,5,69.87361954370957,21.97333147711869,455
-2,3,-83.91805507032424,61.386287375567775,293
-7,10,23.635111562844287,69.52284652713053,278
10,5,62.43306456250011,55.87416556586493,592
-4,9,-24.058952749857013,37.10728871994144,672
-3,3,97.74569327054374,-80.08865885409004,761
-10,-1,-20.723387818533354,72.75788893148359,132
3,6,-7.4697044178005285,98.27971302216031,984
4,7,1.6093721042661002,-6.394372805950894,432
8,7,69.8110327729544,39.92076169837165,257
6,-1,-44.191439214200166,7.253070951626199,363
-4,10,-77.32225504750699,-87.30599416383073,967
3,8,-33.222549397954054,21.45085611907143,697
-5,-1,23.805874685684188,49.941788139726526,805
-2,2,57.16177391188964,57.87107872762476,605
-1,1,-77.74991249294303,-66.37339601864738,709
5,8,-0.48531945822406897,96.56873200336702,334
-4,7,-78.78843214582218,-53.02899646941901,699
1,-10,-77.95363991190325,-79.76672201487446,356
4,5,92.92096124064534,-70.80696458625897,498
8,8,-0.9934062905359298,50.86262320992074,264
10,-3,-23.135441934753743,41.06433212560694,956
6,4,37.695898244532145,18.377702543735055,627
-2,3,73.84377291655832,47.63471655444306,572
-4,-6,-47.99564096792286,-73.52019155458613,366
1,-6,93.05401225020097,39.51186584571073,202
-2,7,92.99043596362472,42.67785295139299,937
-1,-10,73.40534210303258,88.20866564658505,775
-9,-1,-76.31360715224378,75.29058334108737,694
-5,-7,45.40506747971105,-24.99877707806813,835
0,0,-68.46497937298663,-54.66183332181649,867
-10,-7,4.493168409560795,-97.53342633686528,843
-8,6,72.85549636474241,-40.41434936252652,873
-9,4,-32.6005617600059,-87.04250616177298,452
-9,4,16.141461645963773,90.61450096584946,780
-2,5,-32.7432571064695,55.322602324803114,867
-1,-8,-73.40157416506601,-81.66310111834429,410
-2,-8,24.886551219679504,-62.543450888690735,749
-10,-5,-7.965716653499214,-29.118077065944206,541
-1,0,84.52974314304501,-54.159210531365495,253
2,2,47.48839353314128,48.22539837542186,414
6,-4,-23.60775204755656,37.398155515781156,634
0,8,-92.36367470068569,8.667096195329123,682
-2,-10,-70.69818989745016,-43.3681392611547,157
-7,-1,-57.271195506126425,-99.57352008054671,944
-9,5,-52.18659159215109,8.555769101369592,639
2,-4,-76.79659155592462,23.084744403690422,308
8,6,25.088809965323478,78.79308273041593,762
1,-4,-50.80687760540932,98.1756502621189,546
8,-5,65.10284650785178,-31.301295389177454,531
-4,7,15.707414640054452,96.23504369797155,477
-6,-8,-10.892908276182595,-60.321087351794425,772
-10,-3,80.34845494849742,-94.99501767094797,624
6,-8,-54.876382110627,-78.81571599891524,998
8,5,-15.483674320698086,66.35073980450096,702
10,3,43.63699657401537,70.12389797729801,113
1,9,-9.941735249569334,-28.963215070547264,603
2,5,-54.572219578757554,-57.74838104979647,926
-5,6,7.932023123708703,-55.408761240001844,164
0,5,-96.87690663371073,-72.35604453096286,326
-2,8,-9.527374041277952,40.88344767571661,118
2,-10,-46.048887323361654,58.66621612625801,163
-1,3,97.16084110418674,18.20552305240402,830
-5,-8,61.41178630702052,52.73327712442887,860
2,-7,-14.63426560444772,-22.17065641028806,999
-4,3,66.32254499762468,98.61570302027852,268
-8,-3,86.9551140203948,-25.564686606413574,699
-8,6,59.1680769166303,-67.42983127239175,556
-4,-1,-11.571091485864017,48.83993226216842,382
7,-10,-14.635299432439908,11.278644222163251,902
-2,-2,44.11208864960469,-93.05400256206642,633
-5,-10,-95.15653092050866,27.658574830485506,606
-7,1,84.57687610597807,-21.673658686583863,136
7,-9,-31.90088077295694,-78.80140667871136,542
0,-2,10.147777965866325,55.68110077565959,425
1,0,-61.93982633858495,96.29903492883295,147
-3,-2,-83.61366808544419,-4.567477390795574,104
-4,8,3.327482450808631,61.035696068674014,824
-2,7,-48.52658949992594,-21.229520067346883,995
-8,10,-6.86796749006389,-16.880284512719896,707
8,-6,-92.79083985740617,-74.2822700267278,521
-2,-9,-90.0561367427728,55.65699701174168,853
8,1,-26.416813893770396,-7.007737256008809,826
8,-2,52.62813887517282,-7.704190629219539,167
4,0,45.72103624205411,76.2677579720498,715
5,-8,9.69673348914894,46.1107106453496,448
5,-7,-56.52340600864139,-43.928767347443795,989
8,5,-97.77714113067921,-55.712183504787575,367
-6,2,18.20998328826542,-62.08192037890794,650
-10,8,-18.7698015753123,-27.242427579668814,234
-7,1,1.5746038893151137,-89.43275479915602,859
2,10,55.02712820987472,12.3056281549907,671
-1,-1,-44.877329432209436,89.67006677637914,420
3,6,-99.39512246554274,60.752883042549854,575
3,10,9.552320103496953,69.94555394050158,615
10,4,-42.9459930338407,-44.302879686138155,561
-10,6,-64.23967758422947,-97.96030639359459,270
-7,-7,-22.911360289813715,51.15399011319357,899
2,5,28.291097408501344,-93.85684188297508,299
-9,0,79.23624891455194,53.83670273375262,575
-4,5,-67.7070855894986,64.56386384134348,921
-6,-1,6.00886062940404,87.77344468016037,311
-7,-4,-66.794391008851,-41.01251823504308,689
9,-5,50.19340821029189,-98.03731279434807,624
4,2,86.49105907293978,82.68301099121015,164
-5,7,-88.08539157624664,-67.51641108280337,668
10,-4,-74.00475675407134,-29.144133900994348,857
7,-4,69.98434684414227,-39.75771465642488,735
-7,7,35.07307345822758,15.9474658052156,858
9,8,-97.67487555786948,20.655837380036957,734
7,0,82.56974936604229,-25.577697907155766,912
4,-10,-40.08955024102898,66.01176075839484,307
2,-2,-42.90334339953119,-90.8110459346898,908
3,7,60.32301040359263,-7.819295598091713,997
-4,2,47.73724502152311,63.28206859437634,496
-1,-1,-6.106437210357711,53.552256919643526,536
-1,2,-69.96831593679465,46.454585394294554,347
7,6,35.189057079208226,74.3313111079641,414
9,-7,7.232873362605389,64.99474034902312,960
2,-5,-58.18800434273985,-59.0589116968095,104
8,-7,-41.82889197407198,25.29938856572545,390
-9,-9,52.226062465270104,43.19742058082039,178
-7,8,97.46090259520045,-38.29391029873372,946
-5,-10,-37.89342399945716,79.28895757998853,739
7,1,12.907431665731892,-78.0385194614329,174
10,-5,7.28478167705218,-88.51533434455328,205
-4,1,-49.29483982035754,7.138091101430604,149
-6,5,26.743309777718835,-26.867006054018418,759
-7,-3,47.16217443717815,-58.403427634232095,807
-10,0,-1.6346668441856878,-84.76324417416565,807
1,6,90.37211458860702,-98.68561890221592,518
7,3,36.38662091181891,76.10658771855341,430
-2,4,-34.23216912342271,-18.77702285403329,430
-2,7,6.906418630544934,-29.998409859972114,523
-7,7,-76.77290150857341,-31.26274441174776,593
2,-10,89.8773278016022,-96.18890143143122,859
-7,-4,-74.38291003415121,-14.679723169396894,236
-2,-4,-63.19070864796286,61.75221204689129,435
-1,-3,-58.5919105843471,47.3885518359281,471
9,-4,-60.03196808384557,-59.85489261367554,518
2,-3,80.37827587597215,34.05868603834671,428
1,-9,-5.019766572432928,-70.38365060247867,367
4,5,-38.98690982885113,-5.30367296146143,399
-1,1,-5.3820996368190634,57.055558206847735,994
-2,4,-90.18502757632373,-0.4945974074350943,960
-6,4,28.433406602663695,-32.85533995752826,267
-5,-2,-87.37734677691293,-74.04150554929268,835
-9,1,1.2518101948660671,-2.9999180174204554,840
7,-10,85.78902226815381,-95.40138814760202,876
7,-6,56.05613036960426,-71.37839450759586,800
-2,10,27.227672646901226,97.25078109993922,772
4,-3,-26.38120044367942,75.8244737722514,574
0,7,-0.3953208563868884,15.873313213487862,445
-5,-9,-40.317538937722276,74.51007328315563,295
3,-3,-43.61388498761867,-6.031596737959205,714
10,1,-21.631436378083336,83.5325360150581,851
9,4,-44.81788956300168,-25.06293579986729,920
-4,4,46.76592674286505,-48.70734037354807,728
-10,-4,2.0416065442409206,-50.15699733538514,581
-5,-6,58.21546183135041,-0.10829521628818384,537
-1,-4,-65.25195839339725,39.15531000827545,539
1,-9,-39.574114327117925,-11.188163277117141,109
-7,3,74.69946336393917,95.03059950881877,191
7,6,95.72669724588707,36.03908216314585,116
-7,-6,17.049295779403266,80.28215191435206,157
-8,-5,23.824731700665552,-39.87781757887656,843
-5,0,-24.105578087449615,30.079226587218443,123
10,9,47.47835698060189,31.994045759246404,638
3,0,-5.764105047842023,-7.410769282753364,490
-3,10,-83.06473769335894,63.64254387298325,847
0,-5,-19.2047146452782,74.99150742295689,736
-9,0,-15.425936892455994,-97.88925355211275,527
8,-5,75.85265369431457,23.55225836723811,659
1,2,10.087787342254458,89.6104267205105,849
-5,5,-69.800236332605,-63.161771577548656,660
4,8,-95.16594344711329,-42.02129457513466,132
9,2,-72.38888701700449,-55.55985809819235,881
-3,-9,97.44015547378731,-15.835445174652733,276
9,-5,75.2297725549544,58.46340413909101,872
-1,-3,22.569073724153625,-67.58399848646421,678
5,5,-6.374994932130491,16.582148891264396,255
8,-4,-53.03657771122723,53.29323680567592,492
4,0,-97.89943555031407,-80.3387457357194,874
0,9,31.656546252457673,97.1851524922248,597
8,-1,52.5817279759066,-43.150737325279806,497
1,-7,-78.82751668582358,27.326490246698356,700
1,5,-99.05859894528584,-26.402609938504767,274
-1,-4,98.41629937099583,46.323386623126424,977
-3,-7,-73.18593655319081,-62.10582936430518,817
-1,-7,-6.520899108793387,45.119176895337205,237
-10,-7,85.11108328781896,-40.18696734305935,418
-9,-2,-61.29800478544243,66.22196877361168,897
-3,-4,17.712778840390968,-7.7929109100428775,835
-8,0,17.144344275401963,85.94569463911418,346
0,-6,-15.414979242134038,-44.390135103347575,793
-6,-10,-13.682501387335407,64.09766150724684,460
8,9,-87.07579752635995,69.6433659606775,710
5,-1,-1.3025350963156797,-78.35168777077747,959
-1,7,94.5334795392383,13.729224802173093,506
-4,-2,67.41367560155666,12.610886696190263,445
-4,-2,-53.19978594254824,-1.2273973209758111,643
-1,-3,28.341755368949663,-38.22675104090714,978
3,6,53.58365508331369,-27.960576627939176,710
-9,-1,-78.20149124321188,5.410555731794474,998
-1,-6,82.80442579890098,-94.53176943097257,390
-5,-10,5.975247328162254,1.1217544843658231,318
-9,-8,-81.43609049427265,-56.19883224265474,846
-10,7,-78.64749056220003,-1.0740136206443225,208
-10,4,-5.154424621610559,95.3194998146775,922
-4,-2,80.7104608164847,86.33052934190826,662
-8,0,-20.5358147637605,0.2127938335917463,225
7,4,-11.820593725357796,-65.06977074630827,532
6,-3,-85.6710626889904,50.76691304355421,109
10,-10,-6.339677479321566,-86.32328732556616,892
0,8,71.85220228535519,59.36223938416424,703
-1,10,-15.085969595819762,70.83308405179565,283
7,-4,-28.63866699133277,96.36830308771562,891
-7,4,-79.2629566511833,99.31932393826457,920
10,4,-67.37304132609654,59.5959695836666,304
8,-8,-36.041082874651664,27.94047961869481,507
-9,3,30.520882888013887,32.66780011351443,496
-6,8,-40.32393869065209,89.10343434639842,791
7,6,49.03997488908445,8.77655901200609,369
-2,9,-9.343812935898256,-28.583674554103794,399
-9,-4,31.03362661683741,55.90060231098681,143
-3,-9,7.022682181755684,47.27125791123049,672
5,6,-72.96391128350783,-64.59189512441085,490
9,7,61.30332338213901,57.189019803118384,355
-5,-9,-61.41126377539088,-21.8030970183287,663
-1,-6,-30.465316234617788,53.8033324253843,275
-4,-4,41.41142721198622,77.35346063927719,508
-8,1,-12.850207505476249,81.8970124985957,686
-3,10,-12.108053318718419,-17.79182344872312,681
8,-1,-52.4927421597752,-66.83163039867084,843
7,10,-96.72107219118793,-12.31225611472577,599
2,4,-52.098643629350974,-66.84258243510385,539
-5,-7,-6.486302101560781,3.7788303702042327,417
-1,10,14.563315615351087,-4.255675513972079,882
6,-2,-37.05823464291038,92.55786680265848,110
2,0,99.9676524656904,77.24392224093998,699
5,-6,-95.59079578545173,61.80951130461486,480
-3,-4,59.03628061470684,-8.440727876697608,528
2,2,92.00631801928509,86.91617971537042,733
-7,-8,-1.2655273384240218,-13.26331945926134,803
-2,-7,0.3670546170125135,-67.64111993474475,838
3,3,-19.141097677226867,-11.844082440551531,706
7,-8,14.196885550418514,90.76906421219431,310
-2,5,10.131996866488336,-18.18546601689053,154
-4,6,31.39630922360311,-78.32036752432217,831
7,3,-98.75136348793828,-59.09161948816515,460
10,5,-61.07324994605627,88.02163067726065,388
5,-8,95.25697672471736,12.676291288592196,594
-5,-3,76.77612139542865,-59.46439949700424,153
4,2,69.98963208695949,57.73399176320871,321
-6,10,41.9362173999327,44.18029336329511,360
-9,-7,-13.207256454841442,86.56372066347254,906
-6,-6,-85.97170071196096,51.07043726844941,320
5,-2,38.832818394982525,-72.97899175188114,103
-10,-9,6.8253546204174285,-15.466053370172801,986
3,10,97.5863597091097,-66.15945691185559,961
-3,2,52.78263540850361,-62.225338100273305,704
9,1,70.88525564960685,37.78071909441212,791
-10,10,-5.63681882376666,-69.23465572673445,935
1,10,49.83432883343829,-87.64582522209116,881
3,10,-62.41316360378855,34.97017645056172,134
2,4,-5.611718271219601,8.357998722638698,944
-4,8,-89.47907703467155,34.007209732868546,723
-2,-4,-85.72456708997933,59.142736414088205,761
-10,-2,-99.91636290336756,46.17014238533014,695
-5,10,-50.703524672315915,34.08405090836425,490
-10,-10,5.785914388317167,96.74889520834452,244
-10,7,46.49088369929609,57.26092180213436,816
-9,9,38.819686420654364,-42.97360308947897,158
-3,1,-63.843486758223044,-38.07290094780744,360
2,8,47.4885155499947,98.41821531936341,362
-5,-4,-9.825384027852337,-6.441442115647504,627
2,-9,96.49384937016123,-63.81859213156014,587
-4,-10,75.99985194240713,97.87216646893174,141
-5,7,-40.820559431035484,23.950141091638642,142
8,-10,-11.565521879117185,40.860690699794475,293
-4,-6,27.901721713301924,29.251643469564044,647
-7,10,-21.11694714361427,-73.03787071387258,757
-10,-8,69.31504841438206,-59.041343071633754,119
-4,7,-90.21000190804492,50.930931391283025,670
-6,-1,-91.73907702780424,-2.857364790325704,484
-7,4,40.32050378739888,-95.55916648511216,587
9,4,-86.8020004513769,-99.85218864447315,952
-3,-6,-63.33351605776776,28.212750683189427,809
-3,3,12.743833733442614,-21.45379471820054,650
9,9,38.96217996237269,-41.458762784831784,843
-6,-2,-17.75077263920886,75.12001700980008,780
4,-7,80.67231407495919,56.209608528054645,116
-3,-8,82.59608840580162,4.8054449523895215,267
-3,-1,-32.0044419826863,30.63717613940173,133
7,-2,0.46506246132884144,5.698682013508986,454
8,3,-29.266577601395724,-49.57053470550106,342
-6,-9,-78.7646484607957,84.66714971416388,140
10,9,-88.01430350565047,-29.60020890047899,563
2,9,43.09180574879369,95.0486111786717,339
3,-3,29.273532955402374,98.64444352530464,649
10,-9,-83.8419740570096,-62.39935321612029,764
7,-3,46.934938900119334,-94.57215745588643,615
